Ano,Mes,Codigo distrito,Codigo zona,Nit cliente,Codigo tipo,Codigo linea,Codigo grupo,Codigo calidad,Gerente,Línea CAM,Ventas,Codigo distrito-zona,Anomaly,Anomaly_Score
2022,3,70,97,860028580,240,170,18,82,Tecnología Institucional,Tecnología institucional,983232.0000,70-97,1,21.818491559121725
2022,4,70,97,860028580,240,170,18,82,Tecnología Institucional,Tecnología institucional,983232.0000,70-97,1,21.830180789368995
2022,5,70,97,860028580,240,170,18,82,Tecnología Institucional,Tecnología institucional,983232.0000,70-97,1,21.80169141949881
2022,6,70,97,860028580,240,170,12,82,Tecnología Institucional,Tecnología institucional,1014171.8400,70-97,1,23.452714656565902
2022,6,70,97,860028580,240,170,18,82,Tecnología Institucional,Tecnología institucional,983232.0000,70-97,1,21.84265267676014
2022,12,70,97,901667148,235,103,102,183,Elementos de Protección Personal,Tapabocas otros proveedores,1017573.6600,70-97,1,23.086128018846054
2022,12,70,97,901667148,235,103,267,183,Elementos de Protección Personal,Tapabocas otros proveedores,1604871.8400,70-97,1,57.989913248684395
