Ano,Mes,Codigo distrito,Codigo zona,Nit cliente,Codigo tipo,Codigo linea,Codigo grupo,Codigo calidad,Gerente,Línea CAM,Ventas,Codigo distrito-zona,Anomaly,Anomaly_Score
2022,3,71,97,860028580,990,990,2,902,No aplica,Otros ingresos,49.0000,71-97,1,6.580108721003967
2022,6,71,97,860028580,135,1,181,245,Papeles especiales,Papeles Finos,5249724.0000,71-97,1,40.89452095381465
2022,6,71,97,860028580,990,990,2,902,No aplica,Otros ingresos,30.0000,71-97,1,6.570294509897344
2022,9,71,97,860028580,990,990,2,902,No aplica,Otros ingresos,76.0000,71-97,1,6.562809673580837
