Ano,Mes,Codigo distrito,Codigo zona,Nit cliente,Codigo tipo,Codigo linea,Codigo grupo,Codigo calidad,Gerente,Línea CAM,Ventas,Codigo distrito-zona,Anomaly,Anomaly_Score
2021,4,10,18,79657781,183,172,84,168,Textil,Sustratos,22688.0000,10-18,1,41.41507540760121
2021,11,10,18,80538656,183,172,208,166,Textil,Sustratos,2137194.0000,10-18,1,39.99179089086529
2021,12,10,18,80538656,183,172,208,166,Textil,Sustratos,4482824.0000,10-18,1,40.07309488066184
2022,1,10,18,80538656,183,172,208,166,Textil,Sustratos,2360449.2000,10-18,1,39.68502711154072
2022,3,10,18,80538656,183,172,208,166,Textil,Sustratos,1018046.4000,10-18,1,39.641384174325026
2022,9,10,18,830055085,183,160,13,164,Textil,Tintas,35072327.2000,10-18,1,16.353540564304566
2022,11,10,18,900178315,201,20,1,60,Resmilla,Resmilla - Reprograf,140006400.0000,10-18,1,101.73258762813587
