Ano,Mes,Codigo distrito,Codigo zona,Nit cliente,Codigo tipo,Codigo linea,Codigo grupo,Codigo calidad,Gerente,Línea CAM,Ventas,Codigo distrito-zona,Anomaly,Anomaly_Score
2022,5,10,11,901005889,183,172,40,169,Textil,Sustratos,17978800.0000,10-11,1,8.29580411275279
2022,7,10,11,900923316,120,10,40,150,Papeles especiales,Tyvek,18113061.4000,10-11,1,11.695585755903195
2022,8,10,11,19435145,183,140,13,160,Textil,Equipos,8403361.0000,10-11,1,9.399322591112053
2022,11,10,11,860034313,183,140,13,160,Textil,Equipos,25210084.0000,10-11,1,16.46858158387795
2022,12,10,11,900923316,120,10,40,150,Papeles especiales,Tyvek,19638536.0000,10-11,1,13.06955028394519
2022,12,10,11,901159104,183,140,13,160,Textil,Equipos,71827542.0000,10-11,1,74.9319720539135
