Ano,Mes,Codigo distrito,Codigo zona,Nit cliente,Codigo tipo,Codigo linea,Codigo grupo,Codigo calidad,Gerente,Línea CAM,Ventas,Codigo distrito-zona,Anomaly,Anomaly_Score
2022,2,10,78,830007355,235,120,180,330,Aseo - Kimberly,Kimberly,41565499.0000,10-78,1,43.335040585695396
2022,2,10,78,830007355,301,5,12,999,Outsourcing de proveeduría,Outsourcing de proveeduría,5816418.0000,10-78,1,34.653226538176796
2022,3,10,78,830007355,235,120,180,330,Aseo - Kimberly,Kimberly,62578020.0000,10-78,1,81.16473093059552
2022,3,10,78,830007355,301,5,12,999,Outsourcing de proveeduría,Outsourcing de proveeduría,6284601.0000,10-78,1,34.67933805939573
2022,4,10,78,830007355,235,120,180,330,Aseo - Kimberly,Kimberly,50383760.0000,10-78,1,59.75820944092976
2022,9,10,78,900214565,235,120,180,330,Aseo - Kimberly,Kimberly,36960266.4600,10-78,1,34.598368637808946
2022,11,10,78,900214565,235,120,180,330,Aseo - Kimberly,Kimberly,45170319.6200,10-78,1,49.87135138265684
2022,12,10,78,458151,235,103,112,362,Elementos de Protección Personal,Protección personal,92595.1000,10-78,1,128.76058986820718
2022,12,10,78,900214565,235,120,180,330,Aseo - Kimberly,Kimberly,48600789.3900,10-78,1,56.27634831216842
