Ano,Mes,Codigo distrito,Codigo zona,Nit cliente,Codigo tipo,Codigo linea,Codigo grupo,Codigo calidad,Gerente,Línea CAM,Ventas,Codigo distrito-zona,Anomaly,Anomaly_Score
2022,7,70,27,900238649,201,20,1,60,Resmilla,Resmilla - Reprograf,30988779.1000,70-27,1,7.967622607967982
2022,7,70,27,901152111,201,20,1,60,Resmilla,Resmilla - Reprograf,26631047.0000,70-27,1,5.46344169920102
2022,8,70,27,890000334,224,214,66,325,Prodispel,Documentos valor,24495000.0000,70-27,1,5.887510199469929
2022,8,70,27,901152111,201,20,1,60,Resmilla,Resmilla - Reprograf,46931106.0000,70-27,1,19.15275906923803
