Ano,Mes,Codigo distrito,Codigo zona,Nit cliente,Codigo tipo,Codigo linea,Codigo grupo,Codigo calidad,Gerente,Línea CAM,Ventas,Codigo distrito-zona,Anomaly,Anomaly_Score
2022,8,53,12,819005564,201,20,1,60,Resmilla,Resmilla - Reprograf,21741090.0000,53-12,1,10.30587619579478
2022,9,53,12,43795782,201,20,1,60,Resmilla,Resmilla - Reprograf,21601160.0000,53-12,1,11.871466265460654
2022,9,53,12,819005564,201,20,1,60,Resmilla,Resmilla - Reprograf,25021290.0000,53-12,1,14.81393452175287
2022,11,53,12,12552449,201,20,1,60,Resmilla,Resmilla - Reprograf,79413588.0000,53-12,1,107.45329381301141
2022,11,53,12,12552449,215,116,66,170,Prodispel,Rollos de linea,18557880.0000,53-12,1,8.71174682097653
2022,11,53,12,36591575,201,20,1,60,Resmilla,Resmilla - Reprograf,20035894.5000,53-12,1,9.985751133641301
2022,11,53,12,819005564,201,20,1,60,Resmilla,Resmilla - Reprograf,24241041.0000,53-12,1,13.641359545007305
2022,11,53,12,891701092,201,20,1,60,Resmilla,Resmilla - Reprograf,50497258.5000,53-12,1,62.39653584202368
2022,11,53,12,901283759,235,102,170,492,Envases y Empaques,Envases y Empaques,296285.3500,53-12,1,9.206138371179563
