Ano,Mes,Codigo distrito,Codigo zona,Nit cliente,Codigo tipo,Codigo linea,Codigo grupo,Codigo calidad,Gerente,Línea CAM,Ventas,Codigo distrito-zona,Anomaly,Anomaly_Score
2022,9,20,4,800166763,130,1,240,510,Papeles especiales,Autoadhesivos,1671355.0000,20-4,1,8.916630780539634
2022,10,20,4,890300510,101,1,1,32,Papel para escritura,Otros,9050880.0000,20-4,1,15.310877376494169
2022,10,20,4,900445797,235,121,147,331,Limpieza y Desinfección,Cuidado Institucional,9852666.0000,20-4,1,16.57005935449496
2022,11,20,4,900445797,201,20,1,60,Resmilla,Resmilla - Reprograf,20851425.0000,20-4,1,54.848202260898105
2022,12,20,4,900429459,235,103,320,371,Elementos de Protección Personal,Protección personal,90186.4800,20-4,1,8.182260275120584
