Ano,Mes,Codigo distrito,Codigo zona,Nit cliente,Codigo tipo,Codigo linea,Codigo grupo,Codigo calidad,Gerente,Línea CAM,Ventas,Codigo distrito-zona,Anomaly,Anomaly_Score
2022,9,70,14,900854813,180,166,247,533,Comunicación visual,Sustratos de línea,13074366.3500,70-14,1,43.21611820525523
2022,9,70,14,900923291,183,160,13,164,Textil,Tintas,7752896.8000,70-14,1,13.11817370163125
2022,9,70,14,1087991405,183,172,208,166,Textil,Sustratos,7347343.7400,70-14,1,12.336540491016478
2022,10,70,14,801002644,180,166,247,533,Comunicación visual,Sustratos de línea,8091298.0000,70-14,1,14.573615195770302
2022,10,70,14,1087991405,183,172,208,166,Textil,Sustratos,9663607.6800,70-14,1,23.508652371189157
2022,11,70,14,1087991405,183,172,208,166,Textil,Sustratos,18889758.6000,70-14,1,78.08325004282474
2022,12,70,14,900854813,180,166,247,533,Comunicación visual,Sustratos de línea,6490553.1700,70-14,1,8.597123577214774
2022,12,70,14,1087991405,183,172,208,166,Textil,Sustratos,7827033.7200,70-14,1,14.675376348763805
