Ano,Mes,Codigo distrito,Codigo zona,Nit cliente,Codigo tipo,Codigo linea,Codigo grupo,Codigo calidad,Gerente,Línea CAM,Ventas,Codigo distrito-zona,Anomaly,Anomaly_Score
2022,9,71,14,900524531,183,172,208,166,Textil,Sustratos,15886762.8000,71-14,1,29.237773648084307
2022,9,71,14,901149920,183,172,208,166,Textil,Sustratos,8137449.0000,71-14,1,6.330060637411165
2022,10,71,14,75107910,180,166,247,533,Comunicación visual,Sustratos de línea,9298673.1300,71-14,1,9.370578305393565
2022,10,71,14,900176990,101,1,1,41,Papel para escritura,Esmaltado,9158742.0000,71-14,1,9.36424020697929
2022,10,71,14,900176990,180,166,247,533,Comunicación visual,Sustratos de línea,18303567.6200,71-14,1,37.5587274679971
2022,11,71,14,900524531,183,172,208,166,Textil,Sustratos,15991643.3300,71-14,1,29.560184240937367
