Ano,Mes,Codigo distrito,Codigo zona,Nit cliente,Codigo tipo,Codigo linea,Codigo grupo,Codigo calidad,Gerente,Línea CAM,Ventas,Codigo distrito-zona,Anomaly,Anomaly_Score
2021,7,10,76,900155107,201,20,1,60,Resmilla,Resmilla - Reprograf,409354390.0000,10-76,1,14.264792616982568
2021,8,10,76,900155107,201,20,1,60,Resmilla,Resmilla - Reprograf,276372420.0000,10-76,1,5.865375449741819
2022,1,10,76,900155107,201,20,1,60,Resmilla,Resmilla - Reprograf,512680281.8000,10-76,1,22.051454815735582
2022,8,10,76,900155107,201,20,1,60,Resmilla,Resmilla - Reprograf,291372970.0000,10-76,1,6.60539737802106
2022,12,10,76,860007336,201,20,1,60,Resmilla,Resmilla - Reprograf,425323900.0000,10-76,1,15.512313475816619
