Ano,Mes,Codigo distrito,Codigo zona,Nit cliente,Codigo tipo,Codigo linea,Codigo grupo,Codigo calidad,Gerente,Línea CAM,Ventas,Codigo distrito-zona,Anomaly,Anomaly_Score
2022,10,20,66,890308040,235,102,68,69,Envases y Empaques,Envases y Empaques,4650000.0000,20-66,1,5.291841670067043
2022,11,20,66,890328444,215,117,66,170,Prodispel,Rollos especiales,6504480.0000,20-66,1,11.536757197169408
2022,11,20,66,900955092,235,120,190,310,Aseo - Familia,Familia,6623730.0000,20-66,1,11.084841897146532
2022,12,20,66,890308040,235,120,180,330,Aseo - Kimberly,Kimberly,6930158.7600,20-66,1,12.185964770404688
2022,12,20,66,900955092,235,120,190,310,Aseo - Familia,Familia,5633044.0000,20-66,1,7.276139644528911
