Ano,Mes,Codigo distrito,Codigo zona,Nit cliente,Codigo tipo,Codigo linea,Codigo grupo,Codigo calidad,Gerente,Línea CAM,Ventas,Codigo distrito-zona,Anomaly,Anomaly_Score
2022,10,71,12,890800895,130,1,240,510,Papeles especiales,Autoadhesivos,265310.0000,71-12,1,3.7378911201194285
2022,10,71,12,890806065,201,20,1,60,Resmilla,Resmilla - Reprograf,54377702.4000,71-12,1,22.893664091855726
2022,11,71,12,890806065,201,20,1,60,Resmilla,Resmilla - Reprograf,65553288.7800,71-12,1,30.955303873686354
2022,12,71,12,890800895,130,1,240,510,Papeles especiales,Autoadhesivos,518280.0000,71-12,1,3.7455323629380786
2022,12,71,12,890806065,201,20,1,60,Resmilla,Resmilla - Reprograf,60707663.2000,71-12,1,27.497841198248956
