Ano,Mes,Codigo distrito,Codigo zona,Nit cliente,Codigo tipo,Codigo linea,Codigo grupo,Codigo calidad,Gerente,Línea CAM,Ventas,Codigo distrito-zona,Anomaly,Anomaly_Score
2022,6,25,97,1085306306,183,140,13,160,Textil,Equipos,66720862.0000,25-97,1,38.14425885620864
2022,12,25,97,901667148,235,120,180,390,Aseo - Kimberly,Kimberly,58119.0000,25-97,1,1.6461014778564547
2022,12,25,97,901667148,235,120,180,400,Aseo - Kimberly,Kimberly,156328.0000,25-97,1,1.7799168220284116
