Ano,Mes,Codigo distrito,Codigo zona,Nit cliente,Codigo tipo,Codigo linea,Codigo grupo,Codigo calidad,Gerente,Línea CAM,Ventas,Codigo distrito-zona,Anomaly,Anomaly_Score
2021,5,10,14,800131049,999,999,2,999,No aplica,Otros ingresos,0.0100,10-14,1,15.11848764471901
2021,7,10,14,900384997,201,20,1,60,Resmilla,Resmilla - Reprograf,129805084.0000,10-14,1,25.954504820022038
2021,10,10,14,800246953,999,999,2,999,No aplica,Otros ingresos,0.1900,10-14,1,15.1339433048731
2021,12,10,14,800152783,201,20,1,60,Resmilla,Resmilla - Reprograf,138586159.0000,10-14,1,29.857302427220034
2022,1,10,14,899999061,999,999,2,999,No aplica,Otros ingresos,0.1600,10-14,1,15.172487040603613
2022,3,10,14,899999061,301,5,12,13,Outsourcing de proveeduría,Outsourcing de proveeduría,136974780.0000,10-14,1,29.44059463546205
2022,5,10,14,806005329,301,6,2,347,PPD,PID,114214062.6000,10-14,1,20.60758821803053
2022,7,10,14,899999239,999,999,2,999,No aplica,Otros ingresos,0.7000,10-14,1,15.134051670362965
2022,11,10,14,830001113,101,1,1,41,Papel para escritura,Esmaltado,215600000.0000,10-14,1,65.05942390426286
