Ano,Mes,Codigo distrito,Codigo zona,Nit cliente,Codigo tipo,Codigo linea,Codigo grupo,Codigo calidad,Gerente,Línea CAM,Ventas,Codigo distrito-zona,Anomaly,Anomaly_Score
2021,3,50,97,800239471,999,999,2,999,No aplica,Otros ingresos,21246863.0000,50-97,1,86.39095837214084
2022,10,50,97,901244239,201,20,1,60,Resmilla,Resmilla - Reprograf,152418000.0000,50-97,1,24.70930907967525
2022,11,50,97,901244239,201,20,1,60,Resmilla,Resmilla - Reprograf,449510000.0000,50-97,1,93.01777445483597
2022,12,50,97,901667148,180,166,242,534,Comunicación visual,Sustratos de línea,70647.8400,50-97,1,7.328892699614727
2022,12,50,97,901667148,180,166,247,533,Comunicación visual,Sustratos de línea,78315.0000,50-97,1,7.504307401401519
2022,12,50,97,901667148,180,166,247,536,Comunicación visual,Sustratos de línea,243438.0000,50-97,1,7.585676269320729
2022,12,50,97,901667148,220,117,66,999,Prodispel,Formas especiales,63803.0000,50-97,1,23.684951313034162
