Ano,Mes,Codigo distrito,Codigo zona,Nit cliente,Codigo tipo,Codigo linea,Codigo grupo,Codigo calidad,Gerente,Línea CAM,Ventas,Codigo distrito-zona,Anomaly,Anomaly_Score
2021,6,52,300,32764125,235,103,102,183,Elementos de Protección Personal,Tapabocas otros proveedores,16000.0000,52-300,1,1.7596001382982465
2022,2,52,300,80221813,999,999,3,999,No aplica,Otros ingresos,11000000.0000,52-300,1,44.05294523291242
2022,4,52,300,5091901,210,100,66,1,Prodispel,Sobres de linea,62438.5000,52-300,1,1.6885429194710753
2022,10,52,300,42499156,183,172,208,166,Textil,Sustratos,378486.0000,52-300,1,2.3417747466788867
