Ano,Mes,Codigo distrito,Codigo zona,Nit cliente,Codigo tipo,Codigo linea,Codigo grupo,Codigo calidad,Gerente,Línea CAM,Ventas,Codigo distrito-zona,Anomaly,Anomaly_Score
2021,1,60,300,800141937,215,117,66,170,Prodispel,Rollos especiales,864462.0000,60-300,1,11.946346166081
2022,1,60,300,900988942,999,999,2,999,No aplica,Otros ingresos,1140629.0000,60-300,1,26.341604325673515
2022,5,60,300,91073805,999,999,2,999,No aplica,Otros ingresos,831933.0000,60-300,1,15.078864932586214
2022,6,60,300,5707283,101,1,1,32,Papel para escritura,Otros,1450800.0000,60-300,1,39.746400600998996
2022,7,60,300,91073805,999,999,2,999,No aplica,Otros ingresos,1008402.0000,60-300,1,21.26009625300486
2022,10,60,300,5707283,101,1,1,32,Papel para escritura,Otros,1372215.0000,60-300,1,35.90883622901249
2022,10,60,300,91157313,999,999,2,999,No aplica,Otros ingresos,905858.0000,60-300,1,17.587944949839454
2022,11,60,300,5707283,101,1,1,32,Papel para escritura,Otros,1102608.0000,60-300,1,23.62537882378065
2022,12,60,300,5707283,101,1,1,32,Papel para escritura,Otros,-1102608.0000,60-300,1,38.637412901357465
