Ano,Mes,Codigo distrito,Codigo zona,Nit cliente,Codigo tipo,Codigo linea,Codigo grupo,Codigo calidad,Gerente,Línea CAM,Ventas,Codigo distrito-zona,Anomaly,Anomaly_Score
2022,1,65,300,88245256,180,166,247,533,Comunicación visual,Sustratos de línea,698763.9200,65-300,1,2.2547368087343713
2022,1,65,300,860014710,201,20,1,60,Resmilla,Resmilla - Reprograf,2166160.5000,65-300,1,13.428463481178262
2022,2,65,300,88245256,180,166,247,533,Comunicación visual,Sustratos de línea,1839148.0800,65-300,1,11.220353948457756
2022,5,65,300,901386495,101,1,1,1,Papel para escritura,Bond,2935652.0000,65-300,1,24.519415949165456
