Ano,Mes,Codigo distrito,Codigo zona,Nit cliente,Codigo tipo,Codigo linea,Codigo grupo,Codigo calidad,Gerente,Línea CAM,Ventas,Codigo distrito-zona,Anomaly,Anomaly_Score
2021,1,10,1,79571067,180,160,59,25,Comunicación visual,Tintas,832743.0000,10-1,1,0.04416790181760538
2021,1,10,1,79743894,180,160,59,25,Comunicación visual,Tintas,278095.0000,10-1,1,0.04353593557065444
2021,2,10,1,79743894,180,160,59,25,Comunicación visual,Tintas,378507.0000,10-1,1,0.042502737933873436
2021,3,10,1,14317512,180,160,59,25,Comunicación visual,Tintas,574372.0000,10-1,1,0.040348516008256896
2021,6,10,1,17172243,210,100,66,1,Prodispel,Sobres de linea,2173878.0000,10-1,1,0.04376609777214008
2021,7,10,1,17172243,210,100,66,1,Prodispel,Sobres de linea,-173502.0000,10-1,1,0.040427263676064085
2021,10,10,1,17172243,210,100,66,1,Prodispel,Sobres de linea,2451330.0000,10-1,1,0.042633760778937824
2022,6,10,1,79576487,210,100,66,1,Prodispel,Sobres de linea,2264925.0000,10-1,1,0.04089754691298725
