Ano,Mes,Codigo distrito,Codigo zona,Nit cliente,Codigo tipo,Codigo linea,Codigo grupo,Codigo calidad,Gerente,Línea CAM,Ventas,Codigo distrito-zona,Anomaly,Anomaly_Score
2021,9,71,11,30357105,130,1,240,510,Papeles especiales,Autoadhesivos,1408000.0000,71-11,1,0.04315247913691117
2022,1,71,11,24625949,130,1,240,510,Papeles especiales,Autoadhesivos,192812.0000,71-11,1,0.04026219695145067
2022,4,71,11,30357105,130,1,240,510,Papeles especiales,Autoadhesivos,448449.0000,71-11,1,0.04215882602163734
2022,6,71,11,24625949,130,1,240,510,Papeles especiales,Autoadhesivos,273652.0000,71-11,1,0.0497572673404304
2022,6,71,11,890800895,130,1,240,510,Papeles especiales,Autoadhesivos,265310.0000,71-11,1,0.04032927988471652
2022,7,71,11,24625949,130,1,240,510,Papeles especiales,Autoadhesivos,265310.0000,71-11,1,0.04476754056733062
2022,8,71,11,24853326,130,1,240,510,Papeles especiales,Autoadhesivos,417778.0000,71-11,1,0.04433828700527598
2022,9,71,11,1053858177,215,117,66,1,Prodispel,Rollos especiales,5224895.6800,71-11,1,0.04858912493839246
