Ano,Mes,Codigo distrito,Codigo zona,Nit cliente,Codigo tipo,Codigo linea,Codigo grupo,Codigo calidad,Gerente,Línea CAM,Ventas,Codigo distrito-zona,Anomaly,Anomaly_Score
2021,1,71,64,43063221,210,112,66,220,Prodispel,Sobres de linea,251496.0000,71-64,1,0.0420003940049436
2022,1,71,64,79328158,210,112,66,220,Prodispel,Sobres de linea,35688.0000,71-64,1,0.055604922162378834
2022,2,71,64,16136430,210,100,66,1,Prodispel,Sobres de linea,38760.0000,71-64,1,0.056786979350643585
2022,2,71,64,79328158,210,112,66,220,Prodispel,Sobres de linea,224537.0000,71-64,1,0.046279141861529594
2022,3,71,64,79328158,210,112,66,220,Prodispel,Sobres de linea,110038.0000,71-64,1,0.048978300386142315
2022,7,71,64,79328158,210,100,66,1,Prodispel,Sobres de linea,26000.0000,71-64,1,0.050324208096018286
2022,7,71,64,79328158,210,112,66,220,Prodispel,Sobres de linea,457996.0000,71-64,1,0.04248135247824292
2022,10,71,64,79328158,210,100,66,1,Prodispel,Sobres de linea,26000.0000,71-64,1,0.044048920243829615
2022,12,71,64,79328158,210,112,66,220,Prodispel,Sobres de linea,118960.0000,71-64,1,0.04529681319199069
