Ano,Mes,Codigo distrito,Codigo zona,Nit cliente,Codigo tipo,Codigo linea,Codigo grupo,Codigo calidad,Gerente,Línea CAM,Ventas,Codigo distrito-zona,Anomaly,Anomaly_Score
2021,7,90,66,890704382,305,201,2,291,Colaboración electrónica,Recurrente Nom-e,4032000.0000,90-66,1,0.04022006841212816
2021,7,90,66,901370428,215,117,66,170,Prodispel,Rollos especiales,22464000.0000,90-66,1,0.05477296229818046
2022,4,90,66,65737029,305,201,2,291,Colaboración electrónica,Recurrente Nom-e,50000.0000,90-66,1,0.04195274239474839
2022,4,90,66,800249860,220,150,66,52,Prodispel,Formas especiales,18630000.0000,90-66,1,0.043273259493823324
2022,6,90,66,65737029,305,200,2,291,Colaboración electrónica,Recurrente Fact-e,53660.0000,90-66,1,0.04549386876520112
2022,6,90,66,65737029,305,201,2,291,Colaboración electrónica,Recurrente Nom-e,50000.0000,90-66,1,0.04740224265029619
2022,8,90,66,900897355,215,117,66,1,Prodispel,Rollos especiales,25358400.0000,90-66,1,0.04221598044600444
2022,9,90,66,900897355,215,117,66,1,Prodispel,Rollos especiales,38037600.0000,90-66,1,0.04516164189665861
