Ano,Mes,Codigo distrito,Codigo zona,Nit cliente,Codigo tipo,Codigo linea,Codigo grupo,Codigo calidad,Gerente,Línea CAM,Ventas,Codigo distrito-zona,Anomaly,Anomaly_Score
2022,3,10,68,860069163,999,999,2,999,No aplica,Otros ingresos,22918726.0000,10-68,1,0.05128856361524087
2022,7,10,68,860069163,999,999,2,999,No aplica,Otros ingresos,8373229.0000,10-68,1,0.04648035565197123
2022,8,10,68,860069163,999,999,2,999,No aplica,Otros ingresos,8373229.0000,10-68,1,0.04063386600698837
2022,10,10,68,860069163,999,999,2,999,No aplica,Otros ingresos,32003645.0000,10-68,1,0.04908109460471721
2022,11,10,68,860069163,999,999,2,999,No aplica,Otros ingresos,24512146.0000,10-68,1,0.05060325198092969
