Ano,Mes,Codigo distrito,Codigo zona,Nit cliente,Codigo tipo,Codigo linea,Codigo grupo,Codigo calidad,Gerente,Línea CAM,Ventas,Codigo distrito-zona,Anomaly,Anomaly_Score
2021,4,10,18,901270397,180,196,204,74,Textil,Otros,484000.0000,10-18,1,0.06057370898502956
2022,7,10,18,900879051,180,191,14,29,Comunicación visual,Otros,180000.0000,10-18,1,0.04280008599576823
2022,9,10,18,900879051,201,20,1,60,Resmilla,Resmilla - Reprograf,284006.4000,10-18,1,0.056778791227300895
2022,11,10,18,900178315,201,20,1,60,Resmilla,Resmilla - Reprograf,140006400.0000,10-18,1,0.07580365310574855
2022,11,10,18,901160333,201,20,1,60,Resmilla,Resmilla - Reprograf,140006.4000,10-18,1,0.04177978191223242
