Ano,Mes,Codigo distrito,Codigo zona,Nit cliente,Codigo tipo,Codigo linea,Codigo grupo,Codigo calidad,Gerente,Línea CAM,Ventas,Codigo distrito-zona,Anomaly,Anomaly_Score
2021,7,10,60,900131162,101,1,1,41,Papel para escritura,Esmaltado,1150920.0000,10-60,1,0.04617830955377927
2022,1,10,60,900131162,105,1,312,111,Cartulina,Poplar,2948000.0000,10-60,1,0.050266427965682536
2022,2,10,60,900131162,105,1,312,111,Cartulina,Poplar,36009000.0000,10-60,1,0.059774261761610104
2022,3,10,60,900131162,105,1,312,111,Cartulina,Poplar,10910400.0000,10-60,1,0.04335404329697362
2022,6,10,60,900528613,105,1,312,111,Cartulina,Poplar,221968.0000,10-60,1,0.045249122968251065
2022,8,10,60,900131162,105,1,312,111,Cartulina,Poplar,14054400.0000,10-60,1,0.04530475662994665
2022,9,10,60,900591986,201,20,1,60,Resmilla,Resmilla - Reprograf,54800000.0000,10-60,1,0.04719422191693429
2022,10,10,60,900591986,201,20,1,60,Resmilla,Resmilla - Reprograf,54800000.0000,10-60,1,0.05024105289341113
2022,11,10,60,900591986,201,20,1,60,Resmilla,Resmilla - Reprograf,95900000.0000,10-60,1,0.05993936764668378
