Ano,Mes,Codigo distrito,Codigo zona,Nit cliente,Codigo tipo,Codigo linea,Codigo grupo,Codigo calidad,Gerente,Línea CAM,Ventas,Codigo distrito-zona,Anomaly,Anomaly_Score
2021,8,40,62,901033523,110,1,30,155,Periódico,Periódico,55003.9600,40-62,1,0.046585202734158615
2021,10,40,62,11220416,110,1,30,155,Periódico,Periódico,62607.8200,40-62,1,0.05460800062860899
2021,10,40,62,900599627,110,1,30,155,Periódico,Periódico,13126219.7000,40-62,1,0.06522105866388522
2021,10,40,62,901250681,110,1,30,155,Periódico,Periódico,6020850.0000,40-62,1,0.04223680337428143
2022,11,40,62,901250681,110,1,30,155,Periódico,Periódico,13876572.5000,40-62,1,0.04567554951254155
