Ano,Mes,Codigo distrito,Codigo zona,Nit cliente,Codigo tipo,Codigo linea,Codigo grupo,Codigo calidad,Gerente,Línea CAM,Ventas,Codigo distrito-zona,Anomaly,Anomaly_Score
2021,8,71,61,800202395,301,6,2,347,PPD,PID,59667097.9800,71-61,1,0.06084813960891167
2021,10,71,61,800202395,301,6,2,347,PPD,PID,36515314.1400,71-61,1,0.04473565314441902
2021,11,71,61,800202395,301,6,2,347,PPD,PID,33611710.2100,71-61,1,0.04397163579416152
2021,12,71,61,800202395,301,6,2,347,PPD,PID,33716161.6100,71-61,1,0.05055225640512084
2022,2,71,61,800202395,301,6,2,347,PPD,PID,35908376.6500,71-61,1,0.04153916943412922
2022,3,71,61,800202395,301,6,2,347,PPD,PID,36674971.1900,71-61,1,0.043683639544401964
2022,4,71,61,800202395,301,6,2,347,PPD,PID,38475490.8200,71-61,1,0.059240706708505175
