Ano,Mes,Codigo distrito,Codigo zona,Nit cliente,Codigo tipo,Codigo linea,Codigo grupo,Codigo calidad,Gerente,Línea CAM,Ventas,Codigo distrito-zona,Anomaly,Anomaly_Score
2021,11,60,11,28217610,201,20,1,60,Resmilla,Resmilla - Reprograf,84322.9200,60-11,1,0.05885565084484434
2021,11,60,11,804000601,220,116,66,1,Prodispel,Formas de linea,132990.0000,60-11,1,0.05048579394884001
2021,12,60,11,28217610,201,20,1,52,Resmilla,Resmilla - Natural,69185.4900,60-11,1,0.0634080130689223
2021,12,60,11,680226652,220,116,66,1,Prodispel,Formas de linea,79156.0000,60-11,1,0.05596481992562108
2021,12,60,11,804000601,201,20,1,52,Resmilla,Resmilla - Natural,603770.4000,60-11,1,0.044185777806988624
2021,12,60,11,804000601,220,116,66,1,Prodispel,Formas de linea,80145.0000,60-11,1,0.05439819128733381
2021,12,60,11,804015630,201,20,1,60,Resmilla,Resmilla - Reprograf,192014.6000,60-11,1,0.04493511113963167
2021,12,60,11,860076919,201,20,1,60,Resmilla,Resmilla - Reprograf,134205.8400,60-11,1,0.04332777464356374
2021,12,60,11,860076919,210,112,66,220,Prodispel,Sobres de linea,57236.0000,60-11,1,0.05062987207639014
