Ano,Mes,Codigo distrito,Codigo zona,Nit cliente,Codigo tipo,Codigo linea,Codigo grupo,Codigo calidad,Gerente,Línea CAM,Ventas,Codigo distrito-zona,Anomaly,Anomaly_Score
2021,12,70,17,891408584,110,1,30,155,Periódico,Periódico,0.0000,70-17,1,0.041047841572844246
2021,12,70,17,891408584,201,20,1,60,Resmilla,Resmilla - Reprograf,2069655.7200,70-17,1,0.042127345595151744
2021,12,70,17,900149693,240,170,14,34,Tecnología Institucional,Tecnología institucional,1040904.0000,70-17,1,0.07778434141443757
2021,12,70,17,900273380,240,170,13,35,Tecnología Institucional,Tecnología institucional,138600.0000,70-17,1,0.07661424885279389
2022,3,70,17,66750576,240,170,13,35,Tecnología Institucional,Tecnología institucional,35420.0000,70-17,1,0.0523521306718886
2022,4,70,17,900273380,240,170,13,35,Tecnología Institucional,Tecnología institucional,415800.0000,70-17,1,0.049976502033735715
2022,9,70,17,900273380,240,170,13,35,Tecnología Institucional,Tecnología institucional,180000.0000,70-17,1,0.04739738818548522
2022,11,70,17,66750576,240,170,13,35,Tecnología Institucional,Tecnología institucional,331200.0000,70-17,1,0.0601152337335068
