Ano,Mes,Codigo distrito,Codigo zona,Nit cliente,Codigo tipo,Codigo linea,Codigo grupo,Codigo calidad,Gerente,Línea CAM,Ventas,Codigo distrito-zona,Anomaly,Anomaly_Score
2022,2,10,78,830007355,210,112,66,220,Prodispel,Sobres de linea,25043.0000,10-78,1,0.06128940145649159
2022,2,10,78,900297009,210,112,66,220,Prodispel,Sobres de linea,384.0000,10-78,1,0.0582918566934893
2022,3,10,78,830007355,210,112,66,220,Prodispel,Sobres de linea,6959.0000,10-78,1,0.05149243185073521
2022,3,10,78,900297009,210,112,66,220,Prodispel,Sobres de linea,2010.0000,10-78,1,0.05199644043217272
2022,4,10,78,830007355,210,112,66,220,Prodispel,Sobres de linea,23979.0000,10-78,1,0.0543651956321351
2022,4,10,78,900297009,210,112,66,220,Prodispel,Sobres de linea,5280.0000,10-78,1,0.05520811626608452
2022,7,10,78,800120681,220,116,66,1,Prodispel,Formas de linea,0.0000,10-78,1,0.05419530855025195
2022,7,10,78,860529323,220,116,66,1,Prodispel,Formas de linea,281890.0000,10-78,1,0.049276645951688625
2022,8,10,78,860529323,220,116,66,1,Prodispel,Formas de linea,1146616.0000,10-78,1,0.0730630406189397
