Ano,Mes,Codigo distrito,Codigo zona,Nit cliente,Codigo tipo,Codigo linea,Codigo grupo,Codigo calidad,Gerente,Línea CAM,Ventas,Codigo distrito-zona,Anomaly,Anomaly_Score
2022,4,20,62,805007280,101,1,1,32,Papel para escritura,Otros,595680.0000,20-62,1,0.0504710085318022
2022,6,20,62,805007280,101,1,1,1,Papel para escritura,Bond,818550.0000,20-62,1,0.04129853402451755
2022,7,20,62,805007280,101,1,1,32,Papel para escritura,Otros,519180.0000,20-62,1,0.04935641388783696
2022,9,20,62,805007280,101,1,1,1,Papel para escritura,Bond,883490.0000,20-62,1,0.04369243944126899
2022,9,20,62,805007280,101,1,1,32,Papel para escritura,Otros,259590.0000,20-62,1,0.053704991549366254
2022,9,20,62,805007280,101,1,1,41,Papel para escritura,Esmaltado,566440.0000,20-62,1,0.040872236199346434
2022,12,20,62,805007280,101,1,1,1,Papel para escritura,Bond,1102408.0000,20-62,1,0.04174759695471442
2022,12,20,62,805007280,101,1,1,32,Papel para escritura,Otros,138088.0000,20-62,1,0.05929115206927371
2022,12,20,62,805007280,101,1,1,40,Papel para escritura,Esmaltado,1068952.0000,20-62,1,0.04076777238498053
