Ano,Mes,Codigo distrito,Codigo zona,Nit cliente,Codigo tipo,Codigo linea,Codigo grupo,Codigo calidad,Gerente,Línea CAM,Ventas,Codigo distrito-zona,Anomaly,Anomaly_Score
2022,6,40,70,70517854,305,200,2,291,Colaboración electrónica,Recurrente Fact-e,85856.0000,40-70,1,0.04340843109020737
2022,7,40,70,70517854,305,200,2,291,Colaboración electrónica,Recurrente Fact-e,85856.0000,40-70,1,0.052899588460547486
2022,10,40,70,70517854,305,200,2,291,Colaboración electrónica,Recurrente Fact-e,85856.0000,40-70,1,0.04329483221993252
2022,11,40,70,70517854,305,200,2,291,Colaboración electrónica,Recurrente Fact-e,85856.0000,40-70,1,0.042224175165789746
2022,12,40,70,70517854,305,200,2,291,Colaboración electrónica,Recurrente Fact-e,85856.0000,40-70,1,0.04040353719166151
