Ano,Mes,Codigo distrito,Codigo zona,Nit cliente,Codigo tipo,Codigo linea,Codigo grupo,Codigo calidad,Gerente,Línea CAM,Ventas,Codigo distrito-zona,Anomaly,Anomaly_Score
2021,11,10,75,20492291,110,1,30,155,Periódico,Periódico,0.0000,10-75,1,0.059845853832063645
2022,2,10,75,19334254,101,1,1,1,Papel para escritura,Bond,3164000.0000,10-75,1,0.06274002443861937
2022,2,10,75,19334254,101,1,1,17,Papel para escritura,Bond,1138560.0000,10-75,1,0.06274002443861937
2022,2,10,75,19334254,101,1,1,41,Papel para escritura,Esmaltado,7303866.0000,10-75,1,0.04968950440761655
2022,5,10,75,830040184,110,1,30,155,Periódico,Periódico,1000058.4000,10-75,1,0.04601702571821753
2022,5,10,75,830111876,110,1,30,155,Periódico,Periódico,3990183.1200,10-75,1,0.04669880985508479
2022,5,10,75,900482564,110,1,30,155,Periódico,Periódico,4750218.0000,10-75,1,0.045829007793607546
2022,5,10,75,901409402,110,1,30,155,Periódico,Periódico,1600093.4400,10-75,1,0.045829007793607546
2022,7,10,75,19334254,101,1,1,1,Papel para escritura,Bond,4066300.0000,10-75,1,0.04027099117563526
