Ano,Mes,Codigo distrito,Codigo zona,Nit cliente,Codigo tipo,Codigo linea,Codigo grupo,Codigo calidad,Gerente,Línea CAM,Ventas,Codigo distrito-zona,Anomaly,Anomaly_Score
2022,6,45,11,8057023,180,166,247,533,Comunicación visual,Sustratos de línea,876820.8700,45-11,1,0.04043861787630593
2022,6,45,11,811025390,235,120,180,370,Aseo - Kimberly,Kimberly,147564.0000,45-11,1,0.04191374377003315
2022,6,45,11,900415645,235,120,180,332,Aseo - Kimberly,Kimberly,345774.6000,45-11,1,0.04481942392710808
2022,10,45,11,900415645,235,120,180,330,Aseo - Kimberly,Kimberly,574060.5000,45-11,1,0.04129423815025984
2022,10,45,11,900415645,235,120,180,332,Aseo - Kimberly,Kimberly,518661.9000,45-11,1,0.040954237005723704
2022,12,45,11,32208966,180,166,247,533,Comunicación visual,Sustratos de línea,448401.2100,45-11,1,0.044191251075126836
