Ano,Mes,Codigo distrito,Codigo zona,Nit cliente,Codigo tipo,Codigo linea,Codigo grupo,Codigo calidad,Gerente,Línea CAM,Ventas,Codigo distrito-zona,Anomaly,Anomaly_Score
2021,5,10,77,900305711,160,142,201,612,Offset,Consumibles,2108295.0000,10-77,1,0.042248885931765956
2021,7,10,77,900305711,160,171,192,480,Offset,Planchas,29491464.0000,10-77,1,0.04739458896595261
2021,12,10,77,800031626,160,162,120,415,Offset,Planchas,304413.0000,10-77,1,0.043792723845196724
2021,12,10,77,900305711,160,162,120,416,Offset,Planchas,2014200.0000,10-77,1,0.04383344882816731
