Ano,Mes,Codigo distrito,Codigo zona,Nit cliente,Codigo tipo,Codigo linea,Codigo grupo,Codigo calidad,Gerente,Línea CAM,Ventas,Codigo distrito-zona,Anomaly,Anomaly_Score
2022,2,17,24,1121832306,135,1,181,245,Papeles especiales,Papeles Finos,10499.4500,17-24,1,0.040694803466469365
2022,2,17,24,1121853538,135,1,187,246,Papeles especiales,Papeles Finos,11528.0000,17-24,1,0.04133780727841574
2022,2,17,24,1121853538,135,1,187,249,Papeles especiales,Papeles Finos,6448.0000,17-24,1,0.04133780727841574
2022,7,17,24,12231183,135,1,181,245,Papeles especiales,Papeles Finos,122493.5600,17-24,1,0.042287323457863346
