Ano,Mes,Codigo distrito,Codigo zona,Nit cliente,Codigo tipo,Codigo linea,Codigo grupo,Codigo calidad,Gerente,Línea CAM,Ventas,Codigo distrito-zona,Anomaly,Anomaly_Score
2021,12,45,60,830501852,130,1,240,510,Papeles especiales,Autoadhesivos,5770629.1500,45-60,1,0.040042152153962896
2022,4,45,60,901397324,130,1,240,510,Papeles especiales,Autoadhesivos,345950.0000,45-60,1,0.04289564657121708
2022,5,45,60,8055812,130,1,240,510,Papeles especiales,Autoadhesivos,763680.0000,45-60,1,0.04648445809747287
2022,5,45,60,8420021,130,1,240,510,Papeles especiales,Autoadhesivos,267288.0000,45-60,1,0.04681374222873891
2022,5,45,60,25953427,130,1,240,510,Papeles especiales,Autoadhesivos,509120.0000,45-60,1,0.04648445809747287
