Ano,Mes,Codigo distrito,Codigo zona,Nit cliente,Codigo tipo,Codigo linea,Codigo grupo,Codigo calidad,Gerente,Línea CAM,Ventas,Codigo distrito-zona,Anomaly,Anomaly_Score
2021,6,65,66,900080956,301,6,2,347,PPD,PID,15888722.8500,65-66,1,0.04022432401653331
2022,2,65,66,27657566,101,1,1,20,Papel para escritura,Bristol,95892.6400,65-66,1,0.04238631984203284
2022,6,65,66,900080956,301,6,2,347,PPD,PID,16355227.3500,65-66,1,0.050092516488915606
2022,7,65,66,900080956,301,6,2,347,PPD,PID,22893362.7000,65-66,1,0.04199134115980735
2022,8,65,66,900080956,301,6,2,347,PPD,PID,22931477.4000,65-66,1,0.04697404778290715
2022,10,65,66,900080956,301,6,2,347,PPD,PID,23034285.3000,65-66,1,0.04283413341009318
2022,11,65,66,900080956,301,6,2,347,PPD,PID,23065727.1000,65-66,1,0.04780217928487912
2022,12,65,66,900080956,301,6,2,347,PPD,PID,21977659.7600,65-66,1,0.04313810366549242
